{
  "project_info": {
    "project_number": "790051507972",
    "firebase_url": "https://pushnotifications-bc3d3.firebaseio.com",
    "project_id": "pushnotifications-bc3d3",
    "storage_bucket": "pushnotifications-bc3d3.appspot.com"
  },
  "client": [
    {
      "client_info": {
        "mobilesdk_app_id": "1:790051507972:android:85b1be7a8ea60039",
        "android_client_info": {
          "package_name": "com.example.b8.esi_notifications"
        }
      },
      "oauth_client": [
        {
          "client_id": "790051507972-g5cb849s02vilqjnp5m6fi3v6v9bdqdu.apps.googleusercontent.com",
          "client_type": 3
        },
        {
          "client_id": "790051507972-g5cb849s02vilqjnp5m6fi3v6v9bdqdu.apps.googleusercontent.com",
          "client_type": 3
        }
      ],
      "api_key": [
        {
          "current_key": "AIzaSyCS6azgr3RYTre0WT8PJbeyHOKCsGHzVC0"
        }
      ],
      "services": {
        "analytics_service": {
          "status": 1
        },
        "appinvite_service": {
          "status": 1,
          "other_platform_oauth_client": []
        },
        "ads_service": {
          "status": 2
        }
      }
    }
  ],
  "configuration_version": "1"
}